Август;1880
Авксентий;1857
Авксентий;1867
Адальберт;1839
Адам Александер;1857
Адам;1838
Адам;1839
Адам;1840
Адам;1840
Адам;1840
Адам;1843
Адам;1852
Адам;1855
Адам;1855
Адам;1856
Адам;1856
Адам;1857
Адам;1857
Адам;1864
Адам;1864
Адам;1867
Адам;1867
Адам;1867
Адам;1867
Адам;1867
Адам;1867
Адам;1867
Адольф;1859
Адриан;1854
Адриан;1880
Аифал;1902
Александр;1830
Александр;1836
Александр;1838
Александр;1839
Александр;1845
Александр;1846
Александр;1848
Александр;1854
Александр;1854
Александр;1854
Александр;1855
Александр;1857
Александр;1857
Александр;1857
Александр;1857
Александр;1858
Александр;1858
Александр;1859
Александр;1859
Александр;1865
Александр;1865
Александр;1865
Александр;1865
Александр;1865
Александр;1866
Александр;1867
Александр;1867
Александр;1867
Александр;1867
Александр;1867
Александр;1867
Александр;1867
Александр;1867
Александр;1867
Александр;1867
Александр;1880
Александр;1889
Алексей;1839
Алексей;1839
Алексей;1843
Алексей;1855
Алексей;1867
Алексей;1867
Амбросий;1845
Амбросий;1856
Андрей;1838
Андрей;1838
Андрей;1839
Андрей;1839
Андрей;1839
Андрей;1839
Андрей;1840
Андрей;1841
Андрей;1841
Андрей;1843
Андрей;1843
Андрей;1846
Андрей;1848
Андрей;1848
Андрей;1848
Андрей;1848
Андрей;1848
Андрей;1849
Андрей;1852
Андрей;1852
Андрей;1854
Андрей;1854
Андрей;1854
Андрей;1854
Андрей;1856
Андрей;1856
Андрей;1857
Андрей;1857
Андрей;1864
Андрей;1865
Андрей;1865
Андрей;1867
Андрей;1867
Ансельм;1840
Антон;1838
Антон;1838
Антон;1838
Антон;1840
Антон;1843
Антон;1846
Антон;1846
Антон;1846
Антон;1848
Антон;1848
Антон;1852
Антон;1852
Антон;1852
Антон;1856
Антон;1857
Антон;1857
Антон;1857
Антон;1857
Антон;1857
Антон;1865
Антон;1865
Антон;1865
Антон;1867
Антон;1867
Антон;1867
Антон;1867
Антон;1867
Антон;1880
Антон;1882
Антон;1882
Антон;1889
Антон;1836
Антон;1836
Антон;1836
Антон;1836
Антон;1836
Антон;1838
Антон;1838
Антон;1838
Антон;1838
Антон;1839
Антон;1839
Антон;1839
Антон;1840
Антон;1841
Антон;1841
Антон;1842
Антон;1843
Антон;1843
Антон;1843
Антон;1845
Антон;1848
Антон;1854
Антон;1854
Антон;1854
Антон;1855
Антон;1858
Антон;1859
Антон;1864
Антон;1864
Антон;1864
Антон;1865
Антон;1865
Антон;1867
Антон;1867
Антон;1867
Антон;1867
Антон;1867
Антон;1867
Антон;1867
Антон;1868
Аполлинарий;1865
Апполоний;1855
Аристрах;1865
Афанасий;1841
Афанасий;1843
Афанасий;1854
Афанасий;1865
Афанасий;1865
Богуслав;1838
Валентин;1836
Валерьян;1856
Валерьян;1865
Варфоломей;1848
Варфоломей;1854
Варфоломей;1854
Варфоломей;1858
Василий;1836
Василий;1838
Василий;1838
Василий;1838
Василий;1838
Василий;1838
Василий;1839
Василий;1839
Василий;1840
Василий;1840
Василий;1840
Василий;1840
Василий;1841
Василий;1841
Василий;1841
Василий;1841
Василий;1841
Василий;1842
Василий;1843
Василий;1843
Василий;1843
Василий;1845
Василий;1846
Василий;1846
Василий;1848
Василий;1848
Василий;1848
Василий;1852
Василий;1854
Василий;1854
Василий;1854
Василий;1854
Василий;1854
Василий;1854
Василий;1854
Василий;1854
Василий;1854
Василий;1855
Василий;1856
Василий;1856
Василий;1856
Василий;1857
Василий;1857
Василий;1858
Василий;1858
Василий;1865
Василий;1865
Василий;1865
Василий;1865
Василий;1865
Василий;1867
Василий;1867
Василий;1867
Василий;1867
Василий;1867
Василий;1880
Василий;1904
Венедикт;1836
Венедикт;1838
Венедикт;1842
Венедикт;1846
Венедикт;1854
Венедикт;1858
Викентий;1838
Викентий;1838
Викентий;1838
Викентий;1838
Викентий;1838
Викентий;1839
Викентий;1841
Викентий;1843
Викентий;1843
Викентий;1845
Викентий;1846
Викентий;1848
Викентий;1848
Викентий;1848
Викентий;1848
Викентий;1852
Викентий;1854
Викентий;1854
Викентий;1856
Викентий;1857
Викентий;1857
Викентий;1864
Викентий;1865
Викентий;1865
Викентий;1867
Виктор;1839
Виктор;1839
Виктор;1841
Виктор;1841
Виктор;1841
Виктор;1854
Виктор;1859
Виктор;1866
Виктор;1867
Виктор;1867
Виктор;1867
Вильгельм;1838
Владимир;1882
Владислав;1838
Владислав;1839
Владислав;1839
Адальберт;1855
Вонифатий;1845
Всеволод;1857
Гаврила;1838
Гаврила;1839
Гаврила;1841
Гаврила;1845
Гаврила;1852
Гаврила;1854
Гаврила;1865
Гаврила;1882
Гаврила;1836
Гедеон;1839
Георгий;1856
Георгий;1839
Георгий;1839
Георгий;1852
Георгий;1852
Георгий;1854
Георгий;1856
Георгий;1856
Георгий;1857
Георгий;1859
Георгий;1859
Георгий;1867
Григорий;1830
Григорий;1836
Григорий;1839
Григорий;1839
Григорий;1846
Григорий;1846
Григорий;1848
Григорий;1852
Григорий;1852
Григорий;1854
Григорий;1855
Григорий;1858
Григорий;1858
Григорий;1865
Григорий;1867
Григорий;1867
Григорий;1867
Давыд;1867
Данила;1846
Данила;1867
Данила;1867
Данила;1838
Данила;1857
Данила;1858
Дементий;1840
Дементий;1842
Демьян;1867
Денис;1846
Дмитрий;1838
Дмитрий;1838
Дмитрий;1846
Дмитрий;1852
Дмитрий;1855
Дмитрий;1857
Дмитрий;1867
Дмитрий;1867
Дмитрий;1867
Доминик;1843
Доминик;1845
Доминик;1848
Доминик;1852
Доминик;1854
Доминик;1867
Доминик;1867
Доминик;1902
Дорофей;1857
Евгений;1854
Евсей;1848
Евстафий;1845
Евстафий;1867
Ефим;1866
Евфремъ;1848
Георгий;1846
Елен;1846
Емельян;1852
Самуил;1839
Захар;1865
Яков;1857
Яков;1867
Яков;1880
Януарий;1852
Иван;1836
Иван;1836
Иван;1836
Иван;1837
Иван;1838
Иван;1839
Иван;1839
Иван;1839
Иван;1841
Иван;1841
Иван;1846
Иван;1846
Иван;1846
Иван;1848
Иван;1848
Иван;1848
Иван;1852
Иван;1852
Иван;1852
Иван;1852
Иван;1854
Иван;1857
Иван;1857
Иван;1857
Иван;1857
Иван;1857
Иван;1857
Иван;1857
Иван;1857
Иван;1857
Иван;1857
Иван;1857
Иван;1857
Иван;1857
Иван;1857
Иван;1858
Иван;1858
Иван;1865
Иван;1865
Иван;1865
Иван;1865
Иван;1867
Иван;1867
Иван;1867
Иван;1867
Иван;1867
Иван;1867
Иван;1867
Иван;1867
Иван;1867
Иван;1880
Иван;1889
Иван;1889
Игнатий;1857
Игнатий;1857
Игнатий;1838
Игнатий;1838
Игнатий;1838
Игнатий;1838
Игнатий;1839
Игнатий;1839
Игнатий;1841
Игнатий;1841
Игнатий;1841
Игнатий;1843
Игнатий;1846
Игнатий;1846
Игнатий;1848
Игнатий;1848
Игнатий;1852
Игнатий;1854
Игнатий;1854
Игнатий;1854
Игнатий;1854
Игнатий;1857
Игнатий;1857
Игнатий;1857
Игнатий;1865
Игнатий;1865
Игнатий;1865
Игнатий;1867
Игнатий;1867
Игнатий;1867
Игнатий;1880
Игнатий;1882
Игнатий;1830
Иероним;1830
Иероним;1839
Иероним;1841
Иероним;1856
Иероним;1857
Иероним;1857
Иларион;1854
Илья;1838
Илья;1846
Илья;1852
Илья;1865
Иоаким;1836
Иоаким;1839
Иоаким;1841
Иоаким;1852
Иоаким;1867
Яков;1867
Яков;1867
Яков;1868
Иван;1830
Иван;1830
Иван;1836
Иван;1836
Иван;1836
Иван;1836
Иван;1836
Иван;1836
Иван;1838
Иван;1838
Иван;1839
Иван;1839
Иван;1839
Иван;1839
Иван;1839
Иван;1839
Иван;1839
Иван;1839
Иван;1840
Иван;1840
Иван;1840
Иван;1840
Иван;1841
Иван;1841
Иван;1841
Иван;1841
Иван;1843
Иван;1843
Иван;1843
Иван;1843
Иван;1845
Иван;1845
Иван;1846
Иван;1846
Иван;1846
Иван;1848
Иван;1848
Иван;1848
Иван;1848
Иван;1852
Иван;1852
Иван;1852
Иван;1852
Иван;1854
Иван;1854
Иван;1854
Иван;1854
Иван;1854
Иван;1854
Иван;1854
Иван;1854
Иван;1854
Иван;1854
Иван;1854
Иван;1855
Иван;1855
Иван;1856
Иван;1856
Иван;1856
Иван;1856
Иван;1856
Иван;1856
Иван;1857
Иван;1857
Иван;1857
Иван;1857
Иван;1858
Иван;1859
Иван;1861
Иван;1864
Иван;1864
Иван;1865
Иван;1865
Иван;1865
Иван;1865
Иван;1865
Иван;1865
Иван;1867
Иван;1867
Иван;1867
Иван;1867
Иван;1867
Иван;1867
Иван;1867
Иван;1867
Иван;1867
Иван;1867
Иван;1867
Иван;1867
Иван;1867
Иван;1867
Иван;1867
Иван;1867
Иван;1867
Иван;1867
Иван;1867
Иван;1867
Иван;1867
Иван;1880
Иван;1889
Иоасаф;1846
Иосафат;1839
Иосафат;1839
Иосафат;1840
Иосафат;1848
Иосафат;1867
Иосафат;1838
Иосафат;1839
Иосафат;1845
Осип;1830
Осип;1836
Осип;1838
Осип;1838
Осип;1839
Осип;1839
Осип;1839
Осип;1839
Осип;1839
Осип;1839
Осип;1839
Осип;1840
Осип;1841
Осип;1841
Осип;1841
Осип;1842
Осип;1843
Осип;1843
Осип;1846
Осип;1846
Осип;1846
Осип;1848
Осип;1852
Осип;1852
Осип;1854
Осип;1854
Осип;1854
Осип;1854
Осип;1854
Осип;1854
Осип;1854
Осип;1856
Осип;1856
Осип;1856
Осип;1857
Осип;1857
Осип;1857
Осип;1857
Осип;1857
Осип;1857
Осип;1864
Осип;1865
Осип;1865
Осип;1865
Осип;1867
Осип;1867
Осип;1867
Осип;1867
Осип;1867
Осип;1867
Осип;1867
Осип;1882
Осип;1882
Осип;1902
Ипполит;1839
Ипполит;1841
Ипполит;1854
Исидор;1852
Исидор;1892
Юлиан;1865
Юлиан;1865
Юлиан;1867
Юлиан;1882
Юлиан;1889
Юлиан;1889
Юлиан;1889
Юстин;1852
Юстин;1852
Юстин;1855
Юстин;1856
Юстин;1858
Юстин;1864
Юстин;1867
Юстин;1867
Юстин;1867
Юстин;1867
Юстин;1867
Юстин;1867
Иоаким;1848
Казимир;1838
Казимир;1839
Казимир;1839
Казимир;1840
Казимир;1841
Казимир;1848
Казимир;1848
Казимир;1855
Казимир;1859
Казимир;1880
Карл;1836
Карл;1838
Карл;1840
Карл;1840
Карл;1841
Карл;1846
Карл;1857
Карл;1857
Карп;1846
Карп;1856
Куприян;1836
Куприян;1841
Куприян;1855
Куприян;1865
Куприян;1867
Кирилл;1838
Кирилл;1838
Кирилл;1848
Кирилл;1857
Кирилл;1857
Кирилл;1858
Кирилл;1865
Климент;1856
Климент;1865
Климент;1843
Климент;1848
Климент;1857
Клит;1839
Кузьма;1865
Кондрат;1867
Константин;1830
Константин;1838
Константин;1839
Константин;1840
Константин;1841
Константин;1846
Константин;1848
Константин;1852
Константин;1854
Константин;1857
Константин;1859
Константин;1865
Константин;1866
Константин;1866
Константин;1866
Константин;1867
Константин;1867
Константин;1882
Константин;1882
Ксенофонт;1867
Лаврентий;1856
Лаврентий;1836
Лаврентий;1841
Лев;1830
Лев;1838
Лев;1839
Лев;1841
Лев;1843
Лев;1848
Лев;1852
Лев;1854
Лев;1854
Лев;1854
Лев;1857
Лев;1857
Лев;1859
Лев;1867
Лев;1867
Лев;1867
Лев;1867
Лев;1867
Лев;1882
Лев;1889
Леонтий;1843
Леонард;1857
Леонтий;1830
Леонтий;1848
Леонтий;1854
Хлодвиг;1867
Хлодвиг;1852
Хлодвиг;1856
Лука;1836
Лука;1839
Лука;1848
Лука;1854
Лука;1855
Лука;1857
Лука;1857
Лука;1867
Лукиан;1880
Хлодвиг;1839
Хлодвиг;1854
Хлодвиг;1843
Хлодвиг;1852
Макар;1854
Максим;1839
Максим;1845
Максим;1857
Максим;1857
Максимилиан;1840
Максимилиан;1841
Максимилиан;1842
Мартин;1836
Мартин;1840
Мартин;1840
Мартин;1843
Мартин;1848
Мартин;1848
Мартин;1852
Мартин;1857
Мартин;1866
Мартин;1866
Мартин;1867
Матвей;1838
Матвей;1857
Матвей;1838
Матвей;1838
Матвей;1841
Матвей;1845
Матвей;1852
Матвей;1854
Матвей;1854
Матвей;1861
Матвей;1865
Мелетий;1839
Мефодий;1848
Митрофан;1854
Михаил;1836
Михаил;1836
Михаил;1838
Михаил;1838
Михаил;1838
Михаил;1838
Михаил;1839
Михаил;1839
Михаил;1839
Михаил;1839
Михаил;1839
Михаил;1840
Михаил;1842
Михаил;1845
Михаил;1846
Михаил;1846
Михаил;1848
Михаил;1848
Михаил;1848
Михаил;1848
Михаил;1852
Михаил;1852
Михаил;1852
Михаил;1854
Михаил;1854
Михаил;1854
Михаил;1854
Михаил;1855
Михаил;1855
Михаил;1856
Михаил;1857
Михаил;1857
Михаил;1857
Михаил;1864
Михаил;1864
Михаил;1864
Михаил;1865
Михаил;1865
Михаил;1865
Михаил;1865
Михаил;1865
Михаил;1865
Михаил;1866
Михаил;1867
Михаил;1867
Михаил;1867
Михаил;1867
Михаил;1867
Михаил;1867
Михаил;1867
Михаил;1867
Михаил;1867
Михаил;1867
Михаил;1867
Михаил;1889
Михаил;1892
Михаил;1840
Моисей;1865
Нестор;1854
Нестор;1864
Никанор;1865
Никанор;1889
Никита;1852
Никита;1857
Никодим;1840
Никодим;1845
Николай;1880
Николай;1830
Николай;1838
Николай;1838
Николай;1838
Николай;1838
Николай;1839
Николай;1839
Николай;1839
Николай;1839
Николай;1840
Николай;1840
Николай;1841
Николай;1843
Николай;1845
Николай;1846
Николай;1846
Николай;1846
Николай;1846
Николай;1846
Николай;1854
Николай;1854
Николай;1854
Николай;1854
Николай;1854
Николай;1855
Николай;1856
Николай;1856
Николай;1857
Николай;1857
Николай;1858
Николай;1864
Николай;1865
Николай;1865
Николай;1867
Николай;1867
Николай;1867
Николай;1867
Николай;1867
Николай;1867
Николай;1867
Николай;1882
Николай;1882
Николай;1882
Николай;1889
Николай;1889
Николай;1898
Николай;1867
Олимпий;1880
Онуфрий;1839
Онуфрий;1843
Онуфрий;1845
Онуфрий;1852
Осип;1839
Осип;1846
Осип;1846
Осип;1846
Осип;1848
Осип;1849
Осип;1852
Осип;1854
Осип;1856
Осип;1856
Осип;1857
Осип;1857
Осип;1857
Осип;1857
Осип;1857
Осип;1857
Осип;1857
Осип;1858
Осип;1865
Осип;1865
Осип;1867
Осип;1867
Осип;1867
Осип;1867
Осип;1867
Осип;1867
Осип;1867
Павел;1836
Павел;1838
Павел;1839
Павел;1839
Павел;1839
Павел;1840
Павел;1841
Павел;1846
Павел;1846
Павел;1848
Павел;1852
Павел;1854
Павел;1856
Павел;1857
Павел;1857
Павел;1857
Павел;1864
Павел;1865
Павел;1865
Павел;1865
Павел;1867
Павел;1867
Павел;1867
Павел;1867
Павел;1867
Павел;1880
Павел;1889
Пантелеймон;1867
Парфений;1865
Петр;1838
Петр;1838
Петр;1838
Петр;1839
Петр;1839
Петр;1839
Петр;1840
Петр;1841
Петр;1841
Петр;1841
Петр;1845
Петр;1846
Петр;1848
Петр;1848
Петр;1852
Петр;1852
Петр;1852
Петр;1854
Петр;1855
Петр;1855
Петр;1857
Петр;1857
Петр;1857
Петр;1857
Петр;1857
Петр;1857
Петр;1858
Петр;1858
Петр;1859
Петр;1865
Петр;1866
Петр;1867
Петр;1867
Петр;1867
Петр;1867
Петр;1867
Петр;1867
Петр;1880
Петр;1882
Петр;1882
Петр;1865
Плакид;1865
Платон;1848
Платон;1854
Платон;1856
Платон;1882
Поликарп;1882
Порфирий;1856
Рафаил;1839
Рафаил;1857
Роман;1838
Роман;1848
Роман;1848
Роман;1865
Роман;1867
Роман;1867
Ромуальд;1840
Ромуальд;1841
Ромуальд;1843
Савва;1838
Савва;1880
Самсон;1839
Самуил;1845
Севастьян;1857
Семён;1838
Семён;1848
Семён;1852
Семён;1852
Семён;1857
Семён;1858
Семён;1858
Семён;1867
Семён;1867
Семён;1867
Семён;1838
Серафим;1858
Сильвестр;1838
Сильвестр;1838
Сильвестр;1852
Сильвестр;1854
Сильвестр;1857
Сильвестр;1846
Сильвестр;1848
Семён;1838
Семён;1838
Семён;1839
Семён;1840
Семён;1841
Семён;1841
Семён;1842
Семён;1842
Семён;1843
Семён;1843
Семён;1843
Семён;1843
Семён;1845
Семён;1845
Семён;1848
Семён;1848
Семён;1849
Семён;1854
Семён;1854
Семён;1855
Семён;1865
Семён;1867
Семён;1867
Софроний;1867
Станислав;1838
Станислав;1838
Станислав;1838
Станислав;1839
Станислав;1839
Станислав;1841
Станислав;1843
Станислав;1845
Станислав;1846
Станислав;1846
Станислав;1852
Станислав;1854
Станислав;1867
Станислав;1867
Степан;1830
Степан;1836
Степан;1841
Степан;1841
Степан;1842
Степан;1843
Степан;1848
Степан;1856
Степан;1857
Степан;1858
Степан;1864
Степан;1865
Степан;1865
Степан;1890
Степан;1892
Степан;1836
Степан;1836
Степан;1838
Степан;1838
Степан;1838
Степан;1838
Степан;1839
Степан;1839
Степан;1839
Степан;1840
Степан;1840
Степан;1841
Степан;1841
Степан;1843
Степан;1843
Степан;1843
Степан;1848
Степан;1848
Степан;1854
Степан;1854
Степан;1854
Степан;1854
Степан;1856
Степан;1857
Степан;1858
Степан;1859
Степан;1865
Степан;1865
Степан;1865
Степан;1867
Степан;1882
Степан;1839
Телесфор;1843
Тимофей;1857
Тит;1867
Тит;1882
Фабиан;1840
Фавст;1839
Фавст;1854
Фавст;1858
Фавст;1880
Фаустин;1852
Фадей;1838
Фадей;1845
Фадей;1845
Фадей;1848
Фадей;1857
Фадей;1857
Фадей;1867
Фадей;1836
Фадей;1838
Фадей;1839
Фадей;1841
Фадей;1842
Фадей;1843
Фадей;1852
Фадей;1867
Федосий;1843
Феликс;1838
Феликс;1839
Феликс;1839
Феликс;1843
Феликс;1843
Феликс;1854
Феликс;1855
Феликс;1857
Фелициан;1838
Фелициан;1845
Фёдор;1830
Фёдор;1836
Фёдор;1836
Фёдор;1838
Фёдор;1838
Фёдор;1838
Фёдор;1839
Фёдор;1840
Фёдор;1841
Фёдор;1841
Фёдор;1841
Фёдор;1845
Фёдор;1846
Фёдор;1848
Фёдор;1848
Фёдор;1854
Фёдор;1854
Фёдор;1854
Фёдор;1855
Фёдор;1856
Фёдор;1856
Фёдор;1857
Фёдор;1858
Фёдор;1858
Фёдор;1859
Фёдор;1859
Фёдор;1864
Фёдор;1865
Фёдор;1865
Фёдор;1865
Фёдор;1866
Фёдор;1867
Фёдор;1867
Фёдор;1867
Фёдор;1867
Федосий;1854
Феофан;1846
Феофил;1846
Феофил;1856
Феофил;1864
Феофил;1867
Феофил;1867
Фердинанд;1846
Филипп;1839
Филипп;1852
Филипп;1856
Филипп;1857
Филипп;1866
Филипп;1867
Филипп;1902
Флор;1838
Флор;1849
Флор;1856
Флор;1865
Флор;1867
Флор;1867
Флор;1867
Флориан;1846
Флориан;1857
Фома;1838
Фома;1839
Фома;1840
Фома;1841
Фома;1841
Фома;1843
Фома;1846
Фома;1852
Фома;1852
Фома;1855
Фома;1856
Фома;1857
Фома;1857
Фома;1857
Фома;1867
Франциск;1836
Франциск;1836
Франциск;1839
Франциск;1840
Франциск;1841
Франциск;1841
Франциск;1841
Франциск;1841
Франциск;1843
Франциск;1843
Франциск;1852
Франциск;1854
Франциск;1857
Франциск;1857
Франциск;1857
Франциск;1865
Франциск;1865
Франциск;1867
Франциск;1839
Эдуард;1841
Юлиан;1839
Юлиан;1841
Юлиан;1846
Юлиан;1859
Георгий;1857
Юстин;1838
Юстин;1841
Юстин;1845
Юстин;1848
Юстин;1849
Юстин;1857
Иакинф;1857
Яков;1836
Яков;1838
Яков;1839
Яков;1839
Яков;1840
Яков;1841
Яков;1842
Яков;1842
Яков;1852
Яков;1852
Яков;1855
Яков;1857
Яков;1864
Яков;1865
Яков;1865
Яков;1867
Яков;1880
Яков;1902